{
    "negative": {
        "precision": 0.8280872440544321,
        "recall": 0.518019809857194,
        "f1-score": 0.6373424691055916,
        "support": 50278.0
    },
    "neutral": {
        "precision": 0.5153191908577434,
        "recall": 0.6242168698661469,
        "f1-score": 0.5645647266218756,
        "support": 50279.0
    },
    "positive": {
        "precision": 0.5653385772913817,
        "recall": 0.6575508661667893,
        "f1-score": 0.6079680762051877,
        "support": 50279.0
    },
    "accuracy": 0.599929724999337,
    "macro avg": {
        "precision": 0.6362483374011857,
        "recall": 0.5999291819633766,
        "f1-score": 0.603291757310885,
        "support": 150836.0
    },
    "weighted avg": {
        "precision": 0.6362470655635166,
        "recall": 0.599929724999337,
        "f1-score": 0.6032915315643006,
        "support": 150836.0
    }
}